OAVelocity,Peakmg,RMSmg,Kurtosis,CrestFactor,Skewness,Deviation,Peak-to-Peak Displacement,Time
214,975,690,14,630,-24,105,20,2023-02-16 02:31:19
219,1022,723,10,473,-32,103,19,2023-02-16 02:32:22
211,962,681,9,487,-22,103,18,2023-02-16 02:36:17
206,965,683,20,544,-28,102,11,2023-02-16 02:37:21
213,1011,715,22,561,-14,103,14,2023-02-16 02:40:19
216,1022,723,22,475,-31,101,13,2023-02-16 02:40:52
219,1016,719,9,490,-25,101,14,2023-02-16 02:41:26
211,982,695,5,528,-22,104,12,2023-02-16 02:42:55
215,974,689,6,490,-24,101,15,2023-02-16 02:43:18
212,1020,722,12,513,-22,106,10,2023-02-16 02:44:48
211,1005,711,3,518,-28,101,10,2023-02-16 02:45:17
217,926,655,13,560,-8,102,18,2023-02-16 02:49:20
212,988,699,8,507,-28,102,14,2023-02-16 02:50:14
206,965,683,14,474,-33,102,9,2023-02-16 02:51:24
224,1006,712,7,462,-22,102,21,2023-02-16 02:51:46
219,982,695,13,505,-25,104,23,2023-02-16 02:52:22
216,1006,712,2,475,-24,104,12,2023-02-16 02:55:21
224,1025,725,-2,467,-20,104,21,2023-02-16 02:55:50
218,998,706,7,492,-14,104,13,2023-02-16 02:56:48
210,977,691,14,531,-17,101,13,2023-02-16 03:00:23
216,1030,729,4,453,-22,104,11,2023-02-16 03:00:50
210,977,691,10,569,-27,101,12,2023-02-16 03:03:22
219,1042,737,19,491,-25,103,12,2023-02-16 03:03:47
210,986,698,14,525,-22,100,12,2023-02-16 03:06:14
216,1030,729,4,441,-24,102,13,2023-02-16 03:06:50
210,988,699,13,517,-25,101,12,2023-02-16 03:07:12
211,979,693,1,478,-22,103,15,2023-02-16 03:08:13
210,968,685,7,477,-28,100,13,2023-02-16 03:13:17
220,992,702,14,551,-20,102,14,2023-02-16 03:16:21
213,999,707,17,479,-28,102,11,2023-02-16 03:18:23
212,960,679,18,489,-31,102,16,2023-02-16 03:21:48
212,974,689,9,500,-21,101,13,2023-02-16 03:22:16
217,1023,724,9,500,-18,105,11,2023-02-16 03:28:13
216,991,701,0,516,-14,106,16,2023-02-16 03:28:43
218,1008,713,15,531,-21,103,15,2023-02-16 03:29:42
209,975,690,0,519,-16,101,10,2023-02-16 03:31:18
216,1037,734,14,572,-24,105,8,2023-02-16 03:32:52
212,988,699,13,467,-23,102,16,2023-02-16 03:33:50
212,984,696,14,534,-29,100,16,2023-02-16 03:40:13
210,971,687,30,516,-27,100,12,2023-02-16 03:40:43
218,991,701,5,591,-26,104,22,2023-02-16 03:43:50
212,981,694,15,570,-20,102,12,2023-02-16 03:46:45
228,994,703,15,458,-34,101,28,2023-02-16 03:47:17
215,996,705,10,550,-15,103,14,2023-02-16 03:52:21
215,995,704,7,639,-23,104,20,2023-02-16 03:55:49
216,1036,733,7,433,-32,102,12,2023-02-16 03:57:12
215,988,699,16,484,-15,103,12,2023-02-16 04:03:44
214,991,701,18,500,-27,102,11,2023-02-16 04:04:54
208,962,681,22,676,-18,106,14,2023-02-16 04:07:13
215,1003,710,6,557,-18,101,13,2023-02-16 04:08:20
220,1027,727,14,495,-24,103,12,2023-02-16 04:08:44
217,1022,723,10,503,-25,106,9,2023-02-16 04:10:18
218,960,679,7,552,-27,103,25,2023-02-16 04:10:43
221,1053,745,4,540,-24,107,12,2023-02-16 04:11:47
218,958,678,25,526,-16,104,24,2023-02-16 04:14:42
217,1006,712,13,560,-21,102,13,2023-02-16 04:16:23
211,972,688,8,516,-22,103,12,2023-02-16 04:23:23
214,996,705,23,542,-26,104,14,2023-02-16 04:24:22
229,1052,744,-10,386,-39,107,19,2023-02-16 04:29:44
221,1054,746,9,460,-38,102,11,2023-02-16 04:34:23
223,1070,757,-4,435,-31,105,16,2023-02-16 04:36:20
226,1050,743,-13,426,-30,105,14,2023-02-16 04:36:50
232,1122,794,-17,401,-36,109,13,2023-02-16 04:37:25
223,1059,749,-11,422,-32,105,9,2023-02-16 04:40:23
222,1052,744,-6,430,-29,105,10,2023-02-16 04:41:53
223,1023,724,-4,443,-26,103,14,2023-02-16 04:46:47
210,970,686,14,466,-25,98,15,2023-02-16 04:48:12
223,1076,761,-3,439,-29,107,11,2023-02-16 04:48:47
212,1018,720,2,462,-28,101,10,2023-02-16 04:50:54
223,1067,755,0,435,-35,105,13,2023-02-16 04:55:18
225,1042,737,-7,408,-33,104,18,2023-02-16 04:55:48
229,1049,742,-4,401,-32,102,9,2023-02-16 05:00:17
242,1139,806,2,407,-39,107,14,2023-02-16 05:07:13
221,1030,729,0,386,-37,101,13,2023-02-16 05:09:19
230,1094,774,-6,405,-32,106,12,2023-02-16 05:14:42
256,1227,868,1,396,-42,118,11,2023-02-16 05:19:14
210,919,650,-5,488,-14,97,9,2023-02-16 05:19:46
240,1019,721,-9,460,-23,104,8,2023-02-16 05:23:49
231,1138,805,-14,370,-36,110,10,2023-02-16 05:30:17
220,1013,717,-4,480,-10,100,12,2023-02-16 05:32:22
230,1135,803,-13,388,-30,107,13,2023-02-16 05:32:47
229,1098,777,-15,422,-31,105,14,2023-02-16 05:34:18
216,962,681,21,529,-15,100,13,2023-02-16 05:36:11
215,968,685,15,505,-17,100,17,2023-02-16 05:36:42
213,984,696,14,489,-23,104,13,2023-02-16 05:42:47
215,1006,712,21,531,-20,104,13,2023-02-16 05:44:18
218,975,690,15,527,-22,102,18,2023-02-16 05:46:56
215,970,686,18,524,-25,103,13,2023-02-16 05:48:15
213,958,678,6,485,-27,103,10,2023-02-16 05:51:17
219,954,675,17,510,-23,104,21,2023-02-16 05:52:47
218,986,698,10,525,-26,100,12,2023-02-16 05:53:23
216,989,700,19,542,-19,104,9,2023-02-16 05:55:49
230,974,689,9,523,-23,104,16,2023-02-16 05:56:54
221,974,689,33,565,-17,106,12,2023-02-16 06:00:23
222,1006,712,16,520,-22,104,14,2023-02-16 06:01:12
225,984,696,24,558,-19,108,16,2023-02-16 06:02:23
218,965,683,19,592,-19,105,14,2023-02-16 06:04:18
222,957,677,24,560,-25,107,18,2023-02-16 06:08:19
221,960,679,27,627,-27,105,10,2023-02-16 06:12:42
219,950,672,16,583,-28,105,12,2023-02-16 06:13:13
220,945,669,15,497,-30,103,14,2023-02-16 06:16:21
225,978,692,33,594,-27,109,13,2023-02-16 06:16:52
222,968,685,19,529,-33,105,13,2023-02-16 06:20:47
222,974,689,20,558,-33,106,13,2023-02-16 06:22:47
216,933,660,22,521,-31,104,13,2023-02-16 06:25:24
219,961,680,20,636,-24,107,15,2023-02-16 06:28:43
220,992,702,25,558,-24,108,12,2023-02-16 06:29:42
218,985,697,19,560,-29,108,11,2023-02-16 06:30:12
218,982,695,19,545,-28,108,11,2023-02-16 06:32:43
228,989,700,13,478,-33,105,19,2023-02-16 06:33:15
223,953,674,14,564,-24,105,14,2023-02-16 06:33:48
217,981,694,21,578,-16,106,13,2023-02-16 06:39:21
220,1009,714,21,543,-27,108,11,2023-02-16 06:40:20
214,953,674,17,545,-30,105,15,2023-02-16 06:41:43
216,971,687,19,549,-19,105,16,2023-02-16 06:42:43
213,954,675,16,483,-20,104,13,2023-02-16 06:44:53
219,1026,726,19,502,-27,106,14,2023-02-16 06:46:46
214,961,680,14,566,-25,104,12,2023-02-16 06:47:48
214,986,698,17,578,-28,104,10,2023-02-16 06:53:11
215,947,670,28,555,-28,101,23,2023-02-16 06:55:19
214,982,695,28,562,-27,103,10,2023-02-16 06:56:12
211,962,681,41,560,-30,101,13,2023-02-16 06:57:12
209,945,669,20,549,-28,100,14,2023-02-16 06:59:20
207,951,673,26,583,-31,101,13,2023-02-16 07:00:18
207,945,669,19,504,-23,101,10,2023-02-16 07:02:14
211,933,660,32,540,-29,100,16,2023-02-16 07:04:42
213,920,651,17,557,-26,99,15,2023-02-16 07:05:42
213,978,692,19,485,-32,101,10,2023-02-16 07:10:12
208,957,677,19,576,-19,100,9,2023-02-16 07:17:20
211,982,695,34,538,-25,100,12,2023-02-16 07:19:20
211,964,682,27,550,-26,101,18,2023-02-16 07:22:47
212,988,699,31,667,-23,100,13,2023-02-16 07:23:17
211,970,686,20,613,-23,98,15,2023-02-16 07:24:19
208,936,662,22,550,-26,96,18,2023-02-16 07:26:45
204,916,648,19,531,-22,98,10,2023-02-16 07:28:49
208,930,658,23,508,-34,97,15,2023-02-16 07:31:43
204,923,653,14,560,-31,97,11,2023-02-16 07:32:52
206,944,668,10,461,-28,98,13,2023-02-16 07:34:17
208,950,672,20,505,-31,95,10,2023-02-16 07:37:54
211,964,682,13,497,-29,97,13,2023-02-16 07:39:19
207,955,676,33,477,-35,98,11,2023-02-16 07:43:22
208,944,668,29,512,-28,97,11,2023-02-16 07:44:16
211,968,685,28,527,-29,100,12,2023-02-16 07:44:53
213,970,686,27,611,-29,99,15,2023-02-16 07:45:19
209,957,677,22,566,-24,99,13,2023-02-16 07:48:13
208,967,684,29,543,-28,98,8,2023-02-16 07:51:14
213,975,690,25,526,-21,98,14,2023-02-16 07:52:16
208,927,656,22,550,-28,98,11,2023-02-16 07:53:17
210,981,694,16,454,-24,97,11,2023-02-16 07:56:20
214,995,704,20,475,-27,101,14,2023-02-16 07:58:15
212,979,693,13,497,-25,98,12,2023-02-16 07:58:43
210,940,665,25,575,-24,96,15,2023-02-16 07:59:55
211,945,669,36,594,-20,96,9,2023-02-16 08:00:49
213,960,679,22,503,-20,96,23,2023-02-16 08:06:52
207,948,671,23,535,-23,96,11,2023-02-16 08:07:51
201,896,634,23,588,-21,94,12,2023-02-16 08:10:11
207,961,680,8,504,-24,96,10,2023-02-16 08:13:13
202,927,656,28,518,-26,95,10,2023-02-16 08:14:12
207,945,669,26,557,-24,96,14,2023-02-16 08:14:49
207,913,646,21,463,-30,94,17,2023-02-16 08:17:20
207,902,638,27,626,-20,95,19,2023-02-16 08:23:11
202,906,641,17,515,-26,95,12,2023-02-16 08:24:42
202,897,635,26,529,-24,93,16,2023-02-16 08:26:14
203,917,649,16,484,-30,94,11,2023-02-16 08:26:48
211,943,667,50,587,-19,95,17,2023-02-16 08:28:48
204,930,658,24,525,-23,94,11,2023-02-16 08:32:22
206,957,677,19,464,-31,94,11,2023-02-16 08:32:49
212,988,699,16,496,-28,96,13,2023-02-16 08:37:17
207,955,676,14,532,-21,95,14,2023-02-16 08:40:49
213,965,683,35,606,-20,95,17,2023-02-16 08:41:44
204,927,656,11,544,-23,95,14,2023-02-16 08:43:51
206,938,664,17,500,-29,95,9,2023-02-16 08:48:47
204,937,663,12,537,-24,96,14,2023-02-16 08:50:49
205,923,653,26,501,-22,96,11,2023-02-16 08:51:19
199,912,645,7,465,-26,94,9,2023-02-16 08:51:50
200,920,651,22,501,-27,95,13,2023-02-16 08:54:48
208,916,648,25,557,-25,94,17,2023-02-16 08:57:47
203,941,666,9,447,-27,95,9,2023-02-16 09:01:11
206,910,644,19,506,-26,94,18,2023-02-16 09:02:46
203,920,651,28,526,-25,93,14,2023-02-16 09:05:15
209,931,659,16,488,-26,93,20,2023-02-16 09:06:46
204,916,648,33,509,-15,93,11,2023-02-16 09:08:18
200,916,648,11,508,-28,93,9,2023-02-16 09:08:50
207,936,662,6,468,-26,94,16,2023-02-16 09:10:17
205,926,655,13,538,-30,93,13,2023-02-16 09:11:51
204,944,668,17,563,-21,94,9,2023-02-16 09:12:19
202,921,652,9,543,-26,93,11,2023-02-16 09:14:45
204,941,666,11,464,-30,92,14,2023-02-16 09:15:15
205,970,686,5,491,-28,94,12,2023-02-16 09:17:17
210,955,676,21,521,-24,95,12,2023-02-16 09:17:48
211,941,666,17,469,-30,92,22,2023-02-16 09:19:49
206,947,670,10,449,-32,97,14,2023-02-16 09:24:41
208,936,662,22,464,-30,95,17,2023-02-16 09:25:24
208,934,661,11,508,-27,95,19,2023-02-16 09:29:44
211,977,691,20,543,-19,99,11,2023-02-16 09:31:47
201,909,643,22,598,-24,95,12,2023-02-16 09:34:42
209,968,685,27,463,-22,94,12,2023-02-16 09:37:13
210,924,654,22,518,-22,95,16,2023-02-16 09:39:16
206,948,671,8,465,-21,96,11,2023-02-16 09:39:47
204,951,673,18,464,-28,95,13,2023-02-16 09:40:22
203,906,641,27,565,-22,95,12,2023-02-16 09:43:45
201,903,639,18,513,-23,92,12,2023-02-16 09:46:49
205,920,651,11,556,-29,93,15,2023-02-16 09:48:15
205,906,641,23,578,-26,95,17,2023-02-16 09:50:46
210,924,654,11,616,-24,93,15,2023-02-16 09:51:15
208,937,663,26,512,-22,97,15,2023-02-16 09:55:50
213,998,706,26,488,-18,100,12,2023-02-16 09:59:21
210,965,683,25,562,-18,101,9,2023-02-16 09:59:48
206,945,669,14,504,-22,96,11,2023-02-16 10:00:21
209,974,689,24,496,-21,98,10,2023-02-16 10:01:11
206,950,672,15,482,-20,98,14,2023-02-16 10:02:12
224,1053,745,-12,406,-33,103,19,2023-02-16 10:03:45
212,965,683,29,617,-19,99,25,2023-02-16 10:05:54
248,1115,789,-10,389,-38,112,15,2023-02-16 10:09:13
209,979,693,-3,425,-26,99,14,2023-02-16 10:10:16
239,1076,761,0,462,-35,111,11,2023-02-16 10:13:16
224,955,676,-19,478,-14,98,17,2023-02-16 10:18:52
246,1098,777,6,419,-40,108,13,2023-02-16 10:20:19
244,1111,786,0,436,-33,106,13,2023-02-16 10:23:46
247,1068,756,-1,373,-35,105,23,2023-02-16 10:25:49
239,989,700,-14,480,-22,102,10,2023-02-16 10:27:18
245,1118,791,-8,374,-36,108,14,2023-02-16 10:27:51
236,1054,746,-5,410,-36,105,12,2023-02-16 10:30:41
209,1022,723,5,488,-20,100,12,2023-02-16 10:33:19
212,916,648,-14,502,-8,98,9,2023-02-16 10:34:50
223,1067,755,-13,393,-26,102,17,2023-02-16 10:35:11
215,1049,742,-15,379,-29,104,13,2023-02-16 10:39:47
227,1115,789,-15,398,-29,106,12,2023-02-16 10:44:17
226,1131,800,-19,393,-28,104,16,2023-02-16 10:44:46
227,1135,803,-1,385,-33,105,9,2023-02-16 10:48:43
236,1036,733,-11,458,-29,103,14,2023-02-16 10:50:17
228,1085,768,0,376,-35,107,12,2023-02-16 10:51:20
239,1074,760,-12,397,-36,106,9,2023-02-16 10:52:12
246,1081,765,6,394,-32,107,28,2023-02-16 10:53:47
239,1060,750,-3,445,-37,107,15,2023-02-16 10:54:11
223,1122,794,-18,397,-27,105,10,2023-02-16 10:56:12
244,1158,819,15,397,-48,109,9,2023-02-16 10:59:14
235,1057,748,-3,405,-23,105,8,2023-02-16 11:00:20
205,1046,740,0,425,-20,98,12,2023-02-16 11:02:46
210,1095,775,3,462,-22,104,11,2023-02-16 11:05:42
217,1101,779,7,515,-17,102,10,2023-02-16 11:06:12
212,1091,772,10,460,-27,100,10,2023-02-16 11:06:43
216,1124,795,-9,397,-31,105,13,2023-02-16 11:08:42
216,1098,777,-2,429,-32,106,13,2023-02-16 11:09:47
208,1043,738,6,460,-28,100,9,2023-02-16 11:11:11
206,1025,725,5,470,-32,96,14,2023-02-16 11:12:43
220,1107,783,-8,371,-37,103,12,2023-02-16 11:15:43
214,1078,763,-15,382,-26,101,12,2023-02-16 11:18:18
236,1064,753,-13,390,-38,103,13,2023-02-16 11:20:19
223,1076,761,-14,373,-32,102,22,2023-02-16 11:21:53
220,1121,793,-6,380,-30,105,14,2023-02-16 11:28:14
244,1070,757,-10,409,-35,109,24,2023-02-16 11:29:17
226,1111,786,-13,372,-32,103,19,2023-02-16 11:31:16
228,1148,812,-2,387,-31,105,24,2023-02-16 11:34:49
219,1093,773,-13,361,-31,104,10,2023-02-16 11:38:47
205,912,645,-23,543,-7,100,13,2023-02-16 11:40:52
201,878,621,-31,518,-3,96,12,2023-02-16 11:42:16
204,1022,723,-14,442,-25,99,13,2023-02-16 11:43:12
208,1057,748,-3,441,-25,99,14,2023-02-16 11:44:41
224,1102,780,2,388,-40,105,12,2023-02-16 11:46:41
215,1068,756,11,472,-21,99,12,2023-02-16 11:47:16
210,1059,749,7,404,-27,100,17,2023-02-16 11:49:17
202,895,633,-31,556,-2,97,11,2023-02-16 11:52:16
210,1023,724,-8,404,-28,100,13,2023-02-16 11:52:44
234,1074,760,-6,457,-32,104,13,2023-02-16 11:53:15
211,1064,753,-18,437,-30,101,9,2023-02-16 11:54:12
206,1001,708,-6,428,-28,98,16,2023-02-16 11:55:49
209,938,664,-26,486,-10,98,14,2023-02-16 11:56:46
237,1063,752,-12,417,-31,104,10,2023-02-16 11:58:17
232,1060,750,-3,377,-34,103,11,2023-02-16 11:59:12
239,1102,780,-15,431,-34,107,13,2023-02-16 11:59:40
222,1050,743,-10,380,-29,103,19,2023-02-16 12:00:17
236,1090,771,-11,386,-34,104,9,2023-02-16 12:05:45
216,1076,761,-5,441,-31,105,13,2023-02-16 12:06:22
239,1083,766,-11,402,-32,104,19,2023-02-16 12:07:11
228,1134,802,-8,493,-16,109,11,2023-02-16 12:09:42
217,1083,766,-4,433,-27,102,20,2023-02-16 12:11:12
206,995,704,0,449,-29,100,12,2023-02-16 12:14:17
211,1037,734,8,527,-21,100,12,2023-02-16 12:19:11
216,1070,757,12,405,-27,103,17,2023-02-16 12:19:47
213,1025,725,17,461,-28,101,16,2023-02-16 12:21:14
205,1008,713,12,453,-27,100,11,2023-02-16 12:22:19
213,1030,729,13,480,-22,101,14,2023-02-16 12:22:43
210,1063,752,10,428,-30,100,11,2023-02-16 12:26:12
207,1006,712,1,448,-29,100,13,2023-02-16 12:29:48
236,1044,739,0,408,-40,105,22,2023-02-16 12:31:17
247,1085,768,2,445,-33,105,9,2023-02-16 12:31:48
250,1108,784,8,448,-40,108,16,2023-02-16 12:33:16
209,986,698,19,574,-28,99,18,2023-02-16 12:34:41
236,1022,723,-10,477,-24,105,13,2023-02-16 12:35:47
221,1088,770,-8,366,-38,103,15,2023-02-16 12:36:11
238,1186,839,-13,388,-36,106,23,2023-02-16 12:41:19
233,992,702,-11,506,-25,101,13,2023-02-16 12:42:12
215,964,682,10,532,-7,96,14,2023-02-16 12:43:16
212,1023,724,-6,501,-19,102,13,2023-02-16 12:45:24
206,873,618,-34,480,-8,93,14,2023-02-16 12:49:11
217,1073,759,-13,394,-31,103,11,2023-02-16 12:49:41
208,913,646,-16,539,-11,98,12,2023-02-16 12:50:42
206,900,637,-17,568,-7,98,14,2023-02-16 12:53:47
199,872,617,-29,506,-6,96,12,2023-02-16 12:55:50
201,885,626,-31,465,-9,95,15,2023-02-16 12:58:48
240,1068,756,-9,408,-35,105,11,2023-02-16 13:02:43
237,1027,727,-12,387,-36,103,15,2023-02-16 13:04:11
243,1054,746,-8,409,-36,104,11,2023-02-16 13:06:14
209,926,655,-30,522,-12,98,16,2023-02-16 13:06:49
211,1054,746,7,487,-23,98,7,2023-02-16 13:08:45
233,1182,836,-21,409,-28,110,14,2023-02-16 13:13:22
205,933,660,-29,518,-14,95,12,2023-02-16 13:15:47
218,1068,756,0,450,-23,99,12,2023-02-16 13:18:29
247,1118,791,-1,385,-37,109,11,2023-02-16 13:18:30
224,1135,803,-21,359,-30,104,12,2023-02-16 13:18:30
211,1013,717,-10,417,-24,98,17,2023-02-16 13:19:54
220,1088,770,6,419,-41,104,9,2023-02-16 13:21:11
218,1111,786,-3,343,-38,102,12,2023-02-16 13:21:45
241,1026,726,-20,506,-25,102,14,2023-02-16 13:24:44
241,1091,772,-11,401,-39,109,17,2023-02-16 13:27:18
213,1067,755,5,498,-33,100,12,2023-02-16 13:29:45
229,1122,794,-10,378,-36,106,18,2023-02-16 13:32:17
239,1063,752,2,421,-43,106,9,2023-02-16 13:36:50
254,1141,807,-4,364,-40,108,22,2023-02-16 13:37:19
233,1095,775,-4,391,-38,107,9,2023-02-16 13:37:45
222,1114,788,-12,375,-36,103,9,2023-02-16 13:38:52
225,957,677,-27,500,-16,103,9,2023-02-16 13:49:47
215,1030,729,-10,395,-29,101,18,2023-02-16 13:53:43
215,1030,729,-10,395,-29,101,18,2023-02-16 13:54:01
260,1162,822,-4,415,-33,110,16,2023-02-16 13:54:48
209,890,630,-25,532,-11,104,21,2023-02-16 14:00:45
212,923,653,-6,525,-23,97,16,2023-02-16 14:07:47
224,1043,738,-7,428,-31,102,22,2023-02-16 14:08:46
236,1032,730,0,399,-34,103,13,2023-02-16 14:09:10
241,1011,715,-11,482,-28,102,13,2023-02-16 14:12:25
220,1074,760,-18,398,-37,101,12,2023-02-16 14:13:10
222,1006,712,-6,410,-37,101,9,2023-02-16 14:15:10
210,927,656,-28,485,-13,97,17,2023-02-16 14:16:15
239,1083,766,-5,382,-40,105,11,2023-02-16 14:17:49
213,948,671,-17,498,-9,99,11,2023-02-16 14:18:19
217,1068,756,-3,415,-28,101,19,2023-02-16 14:25:15
225,1080,764,-15,368,-35,106,19,2023-02-16 14:26:51
225,1117,790,-8,391,-37,107,10,2023-02-16 14:27:42
214,1060,750,2,442,-39,103,13,2023-02-16 14:28:40
225,1091,772,-1,389,-37,103,17,2023-02-16 14:32:11
214,1032,730,-14,393,-36,101,12,2023-02-16 14:32:49
230,1128,798,-11,405,-28,106,19,2023-02-16 14:36:44
246,1008,713,-9,535,-28,108,13,2023-02-16 14:38:17
253,1100,778,-11,432,-41,113,9,2023-02-16 14:38:52
218,913,646,-8,566,-11,104,11,2023-02-16 14:40:45
250,1112,787,-2,345,-48,113,15,2023-02-16 14:45:46
163,653,462,0,562,0,68,10,2023-02-16 14:46:16
244,1076,761,-3,396,-40,112,11,2023-02-16 14:48:18
252,1166,825,-9,394,-41,113,14,2023-02-16 14:49:48
216,998,706,14,490,-18,101,15,2023-02-16 14:51:19
218,968,685,37,621,-7,95,14,2023-02-16 14:55:24
222,1036,733,14,496,-24,106,13,2023-02-16 14:56:23
221,1037,734,7,493,-26,102,20,2023-02-16 14:58:15
213,1009,714,21,529,-16,104,11,2023-02-16 15:00:43
217,1027,727,22,588,-22,106,14,2023-02-16 15:02:15
217,971,687,32,594,-15,104,14,2023-02-16 15:03:50
218,1009,714,36,546,-13,108,17,2023-02-16 15:04:18
215,1018,720,14,477,-30,107,15,2023-02-16 15:05:16
215,988,699,21,506,-12,104,13,2023-02-16 15:09:21
213,972,688,15,517,-11,105,17,2023-02-16 15:11:11
209,944,668,13,525,-22,106,16,2023-02-16 15:18:13
215,1039,735,10,530,-21,110,10,2023-02-16 15:18:48
213,974,689,17,554,-19,105,14,2023-02-16 15:20:17
215,995,704,8,557,-25,109,16,2023-02-16 15:22:19
213,995,704,12,544,-25,108,13,2023-02-16 15:22:51
213,977,691,16,627,-19,109,10,2023-02-16 15:24:21
215,991,701,29,564,-27,110,14,2023-02-16 15:25:18
220,1001,708,6,557,-14,108,15,2023-02-16 15:33:12
224,1077,762,28,548,-19,113,15,2023-02-16 15:33:48
216,1043,738,21,520,-21,105,14,2023-02-16 15:37:15
214,1015,718,17,521,-22,107,14,2023-02-16 15:38:21
212,991,701,-2,527,-17,106,13,2023-02-16 15:38:45
210,938,664,30,548,-19,104,17,2023-02-16 15:40:17
213,972,688,13,558,-18,106,16,2023-02-16 15:40:46
209,972,688,22,579,-25,102,13,2023-02-16 15:43:11
216,1015,718,14,493,-31,107,19,2023-02-16 15:45:47
214,1002,709,14,507,-25,105,13,2023-02-16 15:47:22
202,941,666,21,503,-31,100,14,2023-02-16 15:49:54
218,1042,737,-5,425,-34,107,11,2023-02-16 15:51:43
259,1165,824,1,434,-41,119,15,2023-02-16 15:54:19
227,1029,728,-2,468,-34,107,26,2023-02-16 15:56:15
214,1005,711,24,464,-31,101,19,2023-02-16 16:01:49
219,1022,723,-3,385,-27,102,17,2023-02-16 16:05:22
231,1059,749,-19,448,-32,108,13,2023-02-16 16:07:12
258,1143,809,0,372,-41,113,17,2023-02-16 16:07:40
234,934,661,7,588,-20,100,10,2023-02-16 16:12:40
245,1029,728,3,536,-26,105,14,2023-02-16 16:13:43
235,1104,781,0,356,-41,107,9,2023-02-16 16:14:47
222,1077,762,-4,364,-38,105,9,2023-02-16 16:17:51
245,1068,756,1,440,-38,109,12,2023-02-16 16:18:41
214,1070,757,-6,420,-19,103,11,2023-02-16 16:22:40
234,1104,781,-1,356,-39,108,14,2023-02-16 16:24:19
220,1100,778,6,375,-37,102,15,2023-02-16 16:24:49
220,1104,781,-8,392,-36,104,11,2023-02-16 16:25:52
222,968,685,-11,461,-13,100,10,2023-02-16 16:27:18
225,1132,801,3,364,-37,108,10,2023-02-16 16:28:45
224,1115,789,0,382,-34,106,13,2023-02-16 16:31:45
212,1037,734,-7,453,-34,103,11,2023-02-16 16:33:21
232,1115,789,0,373,-33,105,16,2023-02-16 16:36:10
224,970,686,-17,512,-23,101,13,2023-02-16 16:40:10
213,1008,713,-12,397,-29,100,9,2023-02-16 16:40:42
207,994,703,2,504,-21,99,15,2023-02-16 16:41:11
226,1098,777,-6,370,-32,105,18,2023-02-16 16:42:50
216,1044,739,0,451,-32,99,16,2023-02-16 16:49:49
226,970,686,8,569,-22,101,11,2023-02-16 16:50:45
204,996,705,1,423,-26,95,10,2023-02-16 16:52:10
213,1049,742,-16,372,-34,100,9,2023-02-16 16:52:45
216,1043,738,0,408,-40,104,10,2023-02-16 16:53:11
220,1076,761,-13,406,-28,100,9,2023-02-16 16:54:48
243,1084,767,-2,369,-43,107,15,2023-02-16 16:55:45
235,999,707,0,470,-19,104,19,2023-02-16 17:00:50
225,961,680,-9,528,-15,99,14,2023-02-16 17:01:20
222,936,662,-11,459,-13,98,12,2023-02-16 17:03:22
261,1115,789,2,386,-37,107,27,2023-02-16 17:04:49
219,1098,777,-5,372,-37,104,10,2023-02-16 17:08:40
227,1081,765,2,437,-41,105,10,2023-02-16 17:09:15
249,1094,774,4,437,-42,109,22,2023-02-16 17:09:41
242,1068,756,-8,359,-34,106,8,2023-02-16 17:14:45
246,1074,760,-11,397,-32,107,9,2023-02-16 17:19:44
221,1077,762,-4,364,-33,104,14,2023-02-16 17:22:22
228,1098,777,-4,379,-34,105,10,2023-02-16 17:23:49
229,1146,811,-6,422,-32,104,16,2023-02-16 17:24:50
233,1039,735,-3,441,-26,104,12,2023-02-16 17:26:15
214,1040,736,22,480,-15,98,18,2023-02-16 17:27:20
241,1078,763,-6,380,-41,108,12,2023-02-16 17:28:19
208,1025,725,7,439,-25,98,11,2023-02-16 17:31:15
225,1105,782,2,414,-35,105,14,2023-02-16 17:33:15
225,1129,799,-6,396,-33,105,10,2023-02-16 17:36:20
233,1141,807,-4,348,-35,104,23,2023-02-16 17:36:46
233,1146,811,-2,383,-29,106,21,2023-02-16 17:39:18
212,1011,715,5,474,-20,98,12,2023-02-16 17:40:21
219,1066,754,-6,389,-36,105,10,2023-02-16 17:41:12
230,1143,809,-17,372,-32,105,14,2023-02-16 17:43:15
211,1033,731,5,478,-26,99,12,2023-02-16 17:44:16
214,1050,743,10,455,-25,100,10,2023-02-16 17:46:12
221,1073,759,-9,389,-33,104,19,2023-02-16 17:55:17
220,1042,737,9,487,-36,103,10,2023-02-16 17:57:11
204,968,685,1,458,-21,98,9,2023-02-16 17:59:16
210,985,697,7,471,-26,100,12,2023-02-16 18:01:45
256,1105,782,4,406,-41,110,12,2023-02-16 18:02:15
248,1136,804,1,382,-48,110,17,2023-02-16 18:05:31
224,1043,738,-8,371,-37,103,15,2023-02-16 18:05:42
252,1073,759,9,384,-46,109,21,2023-02-16 18:06:44
246,1043,738,4,412,-42,109,11,2023-02-16 18:08:50
230,1108,784,-17,355,-40,105,12,2023-02-16 18:09:15
234,982,695,-4,543,-20,101,12,2023-02-16 18:09:51
250,1087,769,3,394,-44,109,13,2023-02-16 18:14:45
225,1115,789,-12,382,-36,104,14,2023-02-16 18:15:10
213,1035,732,3,461,-22,99,12,2023-02-16 18:16:17
231,1107,783,-16,405,-36,110,9,2023-02-16 18:17:44
244,1033,731,-5,494,-21,106,12,2023-02-16 18:18:49
206,989,700,5,486,-16,98,9,2023-02-16 18:19:11
212,988,699,5,448,-21,97,17,2023-02-16 18:22:15
249,1101,779,-5,393,-44,114,13,2023-02-16 18:24:43
214,1030,729,0,486,-13,97,13,2023-02-16 18:25:44
211,989,700,10,494,-18,99,16,2023-02-16 18:26:14
218,1071,758,-13,408,-36,104,13,2023-02-16 18:26:52
239,1032,730,-3,412,-28,110,16,2023-02-16 18:29:18
237,964,682,-9,506,-19,103,16,2023-02-16 18:33:51
256,1138,805,7,362,-47,113,14,2023-02-16 18:35:20
235,964,682,-9,522,-20,104,14,2023-02-16 18:38:18
227,1105,782,-12,365,-31,107,15,2023-02-16 18:38:47
231,977,691,-13,503,-11,106,8,2023-02-16 18:41:45
267,1169,827,14,414,-44,114,25,2023-02-16 18:42:39
234,988,699,12,508,-32,105,14,2023-02-16 18:49:52
227,1097,776,-11,389,-36,107,10,2023-02-16 18:52:12
217,903,639,1,568,-20,94,10,2023-02-16 18:56:45
223,1112,787,-7,369,-33,103,13,2023-02-16 19:00:45
226,1119,792,-17,356,-35,102,16,2023-02-16 19:02:10
221,1037,734,20,595,-12,98,18,2023-02-16 19:07:13
226,1136,804,-21,379,-32,106,14,2023-02-16 19:08:10
239,1207,854,-18,392,-29,110,17,2023-02-16 19:08:44
231,1177,833,-18,359,-34,108,14,2023-02-16 19:10:09
218,1098,777,-9,386,-26,103,9,2023-02-16 19:11:15
214,978,692,15,457,-13,98,13,2023-02-16 19:14:13
217,1027,727,15,493,-8,103,10,2023-02-16 19:16:20
217,1026,726,0,437,-16,101,18,2023-02-16 19:16:49
227,1129,799,-7,390,-34,109,15,2023-02-16 19:17:44
213,1040,736,9,433,-22,102,9,2023-02-16 19:19:15
240,1199,848,-13,370,-38,114,17,2023-02-16 19:24:44
233,1125,796,-13,362,-38,112,10,2023-02-16 19:25:23
217,1047,741,9,471,-20,102,13,2023-02-16 19:28:46
235,1149,813,-16,360,-39,111,9,2023-02-16 19:30:45
249,1037,734,5,495,-31,112,10,2023-02-16 19:31:43
242,957,677,-16,553,-16,106,18,2023-02-16 19:35:45
218,1071,758,-10,440,-28,104,10,2023-02-16 19:36:09
241,982,695,3,610,-16,108,14,2023-02-16 19:37:09
256,998,706,3,580,-28,107,26,2023-02-16 19:38:45
246,994,703,-8,515,-21,109,11,2023-02-16 19:43:46
226,1114,788,-9,380,-28,105,15,2023-02-16 19:44:48
262,1241,878,14,420,-49,122,13,2023-02-16 19:48:45
272,1139,806,-25,397,-27,116,27,2023-02-16 19:49:10
209,948,671,20,498,-14,97,10,2023-02-16 19:51:40
269,1194,845,-4,364,-48,116,14,2023-02-16 19:53:50
238,1124,795,8,496,-43,110,18,2023-02-16 19:54:45
242,1134,802,-3,393,-46,112,14,2023-02-16 19:55:17
217,992,702,10,483,-15,102,19,2023-02-16 20:03:40
220,1015,718,15,574,-19,103,20,2023-02-16 20:04:14
220,1044,739,18,493,-26,102,18,2023-02-16 20:06:49
216,1006,712,20,529,-22,101,10,2023-02-16 20:08:48
211,998,706,11,448,-26,100,10,2023-02-16 20:11:50
215,1032,730,19,491,-25,102,11,2023-02-16 20:13:46
220,1009,714,16,476,-35,103,18,2023-02-16 20:16:46
220,1043,738,34,551,-29,106,14,2023-02-16 20:20:18
213,1002,709,14,493,-30,104,12,2023-02-16 20:23:13
215,1019,721,23,616,-27,104,14,2023-02-16 20:26:09
217,1030,729,11,530,-31,105,14,2023-02-16 20:26:40
209,982,695,19,567,-28,104,11,2023-02-16 20:27:14
218,1018,720,24,501,-29,106,15,2023-02-16 20:31:19
216,1043,738,24,573,-32,104,11,2023-02-16 20:33:49
213,986,698,9,486,-27,102,18,2023-02-16 20:35:43
215,989,700,18,596,-23,104,14,2023-02-16 20:36:13
213,1001,708,25,499,-33,104,12,2023-02-16 20:42:11
217,1015,718,12,466,-28,103,15,2023-02-16 20:42:43
212,994,703,10,479,-33,105,15,2023-02-16 20:45:15
223,1027,727,13,518,-28,107,16,2023-02-16 20:46:14
215,1025,725,21,557,-36,104,16,2023-02-16 20:48:18
216,1036,733,15,511,-32,104,16,2023-02-16 20:49:47
214,1037,734,31,508,-28,106,10,2023-02-16 20:52:16
212,1003,710,19,511,-29,104,13,2023-02-16 20:53:47
211,1006,712,19,506,-25,105,9,2023-02-16 20:55:46
214,1023,724,20,481,-28,102,12,2023-02-16 20:56:15
211,1012,716,22,497,-26,103,13,2023-02-16 20:58:43
215,1036,733,14,496,-25,107,13,2023-02-16 21:01:16
212,1013,717,31,561,-26,102,15,2023-02-16 21:02:14
213,1027,727,14,481,-28,106,12,2023-02-16 21:03:15
210,999,707,14,471,-32,103,9,2023-02-16 21:04:22
212,1012,716,13,573,-25,103,13,2023-02-16 21:04:42
214,1023,724,4,509,-22,104,12,2023-02-16 21:07:16
210,965,683,16,484,-27,105,16,2023-02-16 21:08:15
215,991,701,22,531,-29,105,14,2023-02-16 21:10:09
211,1011,715,10,514,-24,104,11,2023-02-16 21:16:46
217,1032,730,16,472,-27,105,14,2023-02-16 21:17:18
210,998,706,2,482,-26,102,15,2023-02-16 21:17:48
214,1023,724,10,492,-27,107,10,2023-02-16 21:20:14
215,1043,738,25,492,-26,106,17,2023-02-16 21:25:10
216,1052,744,15,486,-23,107,10,2023-02-16 21:27:44
213,1035,732,9,470,-28,103,12,2023-02-16 21:28:21
212,1005,711,22,509,-27,104,13,2023-02-16 21:29:48
212,1036,733,23,494,-32,105,11,2023-02-16 21:33:21
210,1029,728,8,511,-29,101,13,2023-02-16 21:35:18
212,1063,752,13,482,-31,104,10,2023-02-16 21:39:42
215,1067,755,9,453,-29,104,10,2023-02-16 21:40:15
214,1036,733,22,480,-26,105,13,2023-02-16 21:44:51
209,1006,712,24,515,-29,103,12,2023-02-16 21:47:18
211,1032,730,29,499,-25,102,12,2023-02-16 21:47:46
205,992,702,15,513,-33,103,13,2023-02-16 21:52:40
204,916,648,27,572,-21,99,10,2023-02-16 21:53:18
213,1030,729,12,475,-29,103,14,2023-02-16 21:54:40
215,1047,741,12,487,-12,102,11,2023-02-16 22:01:16
209,1015,718,20,533,-25,106,9,2023-02-16 22:01:51
217,1076,761,9,450,-22,104,13,2023-02-16 22:02:51
208,1009,714,20,628,-20,104,12,2023-02-16 22:08:19
213,1085,768,25,513,-30,106,11,2023-02-16 22:08:49
209,1020,722,21,519,-26,104,13,2023-02-16 22:09:46
209,1005,711,35,571,-23,104,12,2023-02-16 22:13:16
212,1066,754,17,530,-28,105,11,2023-02-16 22:13:47
205,986,698,24,513,-27,105,13,2023-02-16 22:14:16
214,1054,746,8,522,-29,107,14,2023-02-16 22:15:21
210,1029,728,21,496,-25,105,11,2023-02-16 22:15:41
206,1001,708,19,495,-29,105,11,2023-02-16 22:20:46
208,1025,725,18,510,-34,102,11,2023-02-16 22:28:17
207,1015,718,20,546,-33,104,11,2023-02-16 22:31:53
210,1001,708,12,486,-25,103,18,2023-02-16 22:32:44
209,1018,720,25,524,-27,103,11,2023-02-16 22:35:44
209,1023,724,22,502,-31,103,9,2023-02-16 22:36:39
212,1025,725,30,521,-31,104,12,2023-02-16 22:38:15
213,1054,746,17,561,-19,104,10,2023-02-16 22:39:13
212,1052,744,15,499,-21,107,9,2023-02-16 22:39:46
252,1129,799,9,432,-47,114,18,2023-02-16 22:44:52
233,1105,782,2,443,-39,110,20,2023-02-16 22:45:15
234,974,689,2,471,-26,106,13,2023-02-16 22:45:53
207,1001,708,19,595,-30,104,9,2023-02-16 22:46:38
256,1152,815,11,434,-41,113,12,2023-02-16 22:51:47
225,1115,789,-2,454,-37,110,13,2023-02-16 22:55:46
211,1067,755,5,457,-28,105,10,2023-02-16 22:58:51
243,1012,716,-14,490,-27,108,20,2023-02-16 22:59:50
209,1022,723,10,458,-25,103,16,2023-02-16 23:00:41
224,1119,792,11,401,-39,107,15,2023-02-16 23:02:47
227,1153,816,-6,426,-31,110,13,2023-02-16 23:05:14
218,1114,788,10,458,-28,106,16,2023-02-16 23:11:11
233,944,668,-6,492,-27,101,15,2023-02-16 23:14:41
220,1071,758,3,406,-39,105,13,2023-02-16 23:16:40
245,1078,763,2,455,-44,107,16,2023-02-16 23:19:22
231,1122,794,1,405,-42,106,17,2023-02-16 23:19:47
231,968,685,-5,465,-30,102,13,2023-02-16 23:20:09
218,1118,791,-3,365,-36,104,11,2023-02-16 23:21:08
232,1023,724,5,525,-25,103,8,2023-02-16 23:23:48
238,992,702,-7,468,-24,102,21,2023-02-16 23:26:42
222,1141,807,9,444,-21,105,10,2023-02-16 23:30:39
219,1117,790,0,396,-43,109,8,2023-02-16 23:32:39
223,1152,815,-10,378,-31,106,17,2023-02-16 23:35:40
237,985,697,-14,519,-17,102,26,2023-02-16 23:36:38
223,933,660,-18,512,-16,100,9,2023-02-16 23:38:14
230,975,690,-6,489,-18,101,23,2023-02-16 23:38:40
256,1022,723,-22,456,-17,102,46,2023-02-16 23:41:08
222,1134,802,-4,347,-38,106,14,2023-02-16 23:42:09
232,1165,824,-3,357,-35,109,17,2023-02-16 23:43:48
250,1108,784,17,396,-46,110,11,2023-02-16 23:44:49
223,1111,786,-4,364,-33,104,18,2023-02-16 23:46:15
229,1165,824,-10,358,-34,109,12,2023-02-16 23:47:45
212,1087,769,9,480,-17,104,10,2023-02-16 23:52:13
211,1084,767,8,462,-26,102,14,2023-02-16 23:53:50
216,1053,745,19,451,-25,105,15,2023-02-16 23:56:45
227,1149,813,-4,372,-38,108,16,2023-02-17 00:01:15
218,1078,763,0,385,-40,107,12,2023-02-17 00:04:48
223,1100,778,2,419,-41,108,17,2023-02-17 00:06:44
221,1118,791,2,371,-44,107,11,2023-02-17 00:07:51
220,1090,771,-4,365,-40,106,13,2023-02-17 00:09:08
220,1077,762,-1,391,-41,105,15,2023-02-17 00:15:43
214,1084,767,0,361,-43,104,10,2023-02-17 00:16:50
220,1105,782,0,399,-41,110,9,2023-02-17 00:19:39
227,1122,794,-7,404,-40,109,17,2023-02-17 00:21:15
222,1138,805,5,348,-41,109,8,2023-02-17 00:24:47
227,1118,791,13,451,-46,109,22,2023-02-17 00:25:46
206,1001,708,26,491,-22,103,10,2023-02-17 00:29:15
220,1094,774,-4,419,-34,108,12,2023-02-17 00:33:52
223,1111,786,1,382,-39,108,13,2023-02-17 00:35:09
218,1067,755,4,432,-39,109,14,2023-02-17 00:37:08
222,1085,768,4,404,-44,106,15,2023-02-17 00:40:40
217,1098,777,0,362,-41,105,8,2023-02-17 00:44:09
225,1095,775,-7,433,-40,107,18,2023-02-17 00:44:44
222,1146,811,-1,342,-44,109,9,2023-02-17 00:48:14
222,1124,795,10,426,-41,109,14,2023-02-17 00:49:17
224,1097,776,-10,410,-40,109,19,2023-02-17 00:50:11
235,1176,832,-19,416,-29,116,14,2023-02-17 00:50:46
225,1132,801,-7,354,-40,109,18,2023-02-17 00:53:46
226,1152,815,-6,436,-38,111,11,2023-02-17 00:55:15
219,1033,731,8,495,-21,106,21,2023-02-17 00:58:12
219,1098,777,-3,439,-37,109,13,2023-02-17 00:59:45
212,1074,760,18,498,-23,105,12,2023-02-17 01:01:23
209,1047,741,11,558,-26,107,11,2023-02-17 01:02:46
218,1083,766,22,499,-28,107,8,2023-02-17 01:03:47
216,1073,759,18,437,-29,105,12,2023-02-17 01:07:40
218,1076,761,11,518,-27,105,13,2023-02-17 01:12:16
207,1025,725,20,536,-21,101,10,2023-02-17 01:14:50
214,1066,754,21,512,-27,104,14,2023-02-17 01:17:45
212,1049,742,-3,511,-25,104,15,2023-02-17 01:18:38
206,1011,715,16,502,-31,102,13,2023-02-17 01:21:22
210,1005,711,28,520,-22,101,20,2023-02-17 01:22:17
208,1011,715,18,521,-32,101,12,2023-02-17 01:23:44
213,1005,711,28,520,-26,103,14,2023-02-17 01:25:45
209,1029,728,9,469,-28,101,13,2023-02-17 01:26:46
212,1036,733,24,521,-31,102,18,2023-02-17 01:29:40
206,1020,722,15,457,-29,101,9,2023-02-17 01:31:10
209,1008,713,24,555,-18,102,11,2023-02-17 01:32:14
207,1001,708,19,498,-24,104,14,2023-02-17 01:34:15
208,1030,729,23,528,-29,103,10,2023-02-17 01:35:08
208,1039,735,26,494,-21,102,10,2023-02-17 01:39:17
216,1033,731,32,660,-22,102,18,2023-02-17 01:41:21
215,1036,733,19,528,-25,103,21,2023-02-17 01:42:46
207,1002,709,39,529,-31,102,18,2023-02-17 01:45:43
208,986,698,28,546,-26,100,19,2023-02-17 01:47:10
202,985,697,18,465,-26,99,10,2023-02-17 01:48:39
200,962,681,23,508,-27,99,9,2023-02-17 01:51:16
203,991,701,29,539,-23,102,10,2023-02-17 01:52:49
208,974,689,20,502,-32,101,18,2023-02-17 01:54:16
206,1011,715,21,513,-34,100,15,2023-02-17 01:54:48
200,958,678,20,543,-32,99,11,2023-02-17 01:55:09
208,981,694,22,530,-30,99,14,2023-02-17 01:56:42
207,991,701,31,564,-30,102,11,2023-02-17 02:03:12
227,961,680,-9,451,-18,103,11,2023-02-17 02:07:50
216,1070,757,-9,373,-35,104,9,2023-02-17 02:09:51
218,1057,748,5,390,-38,104,11,2023-02-17 02:10:15
212,996,705,24,492,-21,103,13,2023-02-17 02:14:15
247,1126,797,-2,372,-40,110,12,2023-02-17 02:15:14
215,1033,731,1,390,-33,101,8,2023-02-17 02:19:14
207,1025,725,11,456,-23,99,13,2023-02-17 02:19:47
224,1095,775,2,386,-39,104,13,2023-02-17 02:20:09
223,1142,808,5,391,-42,104,13,2023-02-17 02:23:50
218,1037,734,7,366,-39,102,13,2023-02-17 02:24:18
223,1073,759,4,383,-37,104,16,2023-02-17 02:24:42
231,1044,739,-9,398,-38,106,8,2023-02-17 02:25:17
243,1078,763,-3,385,-39,109,12,2023-02-17 02:25:47
245,1141,807,3,361,-41,108,15,2023-02-17 02:26:20
219,1061,751,6,437,-32,101,18,2023-02-17 02:29:19
216,1053,745,0,452,-30,100,12,2023-02-17 02:30:41
209,1020,722,3,413,-35,99,10,2023-02-17 02:32:47
233,1001,708,-16,444,-22,100,14,2023-02-17 02:33:51
215,1067,755,6,503,-23,103,11,2023-02-17 02:36:44
205,1016,719,-4,414,-27,97,15,2023-02-17 02:39:14
217,1073,759,0,388,-36,100,13,2023-02-17 02:41:50
220,1083,766,-12,366,-32,100,12,2023-02-17 02:44:41
218,975,690,-3,481,-24,96,8,2023-02-17 02:47:15
211,1019,721,4,443,-27,99,18,2023-02-17 02:48:14
205,1001,708,16,520,-26,100,10,2023-02-17 02:50:45
250,1068,756,-4,439,-34,105,23,2023-02-17 02:51:22
216,1052,744,-7,463,-30,103,12,2023-02-17 02:56:12
214,1074,760,-1,368,-36,101,12,2023-02-17 02:56:46
222,1105,782,-11,375,-32,104,13,2023-02-17 02:57:41
249,1104,781,8,396,-39,107,9,2023-02-17 02:58:40
218,1097,776,-7,356,-39,104,9,2023-02-17 03:02:21
220,1091,772,-9,350,-32,103,12,2023-02-17 03:03:42
217,957,677,-22,438,-19,98,13,2023-02-17 03:04:41
210,923,653,-26,540,-15,99,11,2023-02-17 03:06:44
226,953,674,-24,512,-12,99,24,2023-02-17 03:07:42
217,960,679,-21,509,-14,98,12,2023-02-17 03:13:14
220,1115,789,-6,401,-31,108,13,2023-02-17 03:17:42
219,1104,781,-5,362,-32,104,12,2023-02-17 03:26:12
219,1118,791,-10,342,-34,103,10,2023-02-17 03:28:44
237,1070,757,4,443,-43,103,13,2023-02-17 03:29:13
217,1083,766,-11,373,-32,101,15,2023-02-17 03:32:13
217,1090,771,5,413,-17,101,12,2023-02-17 03:34:16
223,1143,809,-8,364,-38,106,11,2023-02-17 03:34:40
228,1135,803,-13,381,-34,106,23,2023-02-17 03:37:48
222,1159,820,-7,357,-38,106,9,2023-02-17 03:39:13
208,1013,717,11,510,-24,101,13,2023-02-17 03:49:13
207,1027,727,11,426,-34,100,13,2023-02-17 03:53:10
219,933,660,-8,537,-20,98,11,2023-02-17 04:02:38
213,1068,756,9,437,-33,99,12,2023-02-17 04:03:43
250,1141,807,2,381,-42,108,16,2023-02-17 04:08:10
211,1095,775,-8,388,-30,101,8,2023-02-17 04:12:46
247,1241,878,5,352,-46,115,9,2023-02-17 04:13:49
225,1150,814,-7,367,-36,108,10,2023-02-17 04:17:44
208,1047,741,10,461,-30,99,9,2023-02-17 04:23:12
205,1030,729,16,496,-18,103,10,2023-02-17 04:28:39
217,977,691,-26,466,-15,101,13,2023-02-17 04:30:08
224,1114,788,-5,376,-39,107,19,2023-02-17 04:32:13
231,1148,812,-9,373,-32,114,11,2023-02-17 04:32:42
210,902,638,-22,486,-16,98,9,2023-02-17 04:34:43
206,1018,720,10,523,-27,102,11,2023-02-17 04:41:09
210,1047,741,22,422,-32,102,13,2023-02-17 04:43:17
221,1109,785,-1,366,-38,104,11,2023-02-17 04:44:18
216,1060,750,-15,399,-35,103,11,2023-02-17 04:49:18
211,1053,745,0,461,-32,101,11,2023-02-17 04:50:21
207,1032,730,0,469,-35,100,10,2023-02-17 04:50:49
218,1091,772,1,359,-42,104,10,2023-02-17 04:52:17
207,1029,728,12,521,-28,102,9,2023-02-17 04:57:40
213,1063,752,25,467,-37,104,14,2023-02-17 04:58:08
211,1056,747,16,442,-32,103,12,2023-02-17 04:58:50
207,1016,719,21,503,-25,102,8,2023-02-17 05:03:12
208,1029,728,9,441,-28,100,9,2023-02-17 05:03:40
199,965,683,23,557,-24,99,10,2023-02-17 05:06:16
219,1093,773,-1,364,-42,104,13,2023-02-17 05:08:15
242,1100,778,2,360,-45,108,15,2023-02-17 05:10:47
204,982,695,21,561,-23,99,10,2023-02-17 05:11:08
242,1081,765,3,405,-41,111,13,2023-02-17 05:13:14
211,1033,731,-2,410,-41,101,9,2023-02-17 05:15:38
212,1008,713,10,443,-33,99,17,2023-02-17 05:16:45
223,1084,767,-3,402,-39,102,14,2023-02-17 05:18:18
229,1083,766,5,354,-41,102,29,2023-02-17 05:18:47
207,996,705,16,492,-28,101,13,2023-02-17 05:19:20
205,955,676,24,473,-29,97,14,2023-02-17 05:28:15
205,978,692,16,524,-31,98,9,2023-02-17 05:29:12
210,957,677,26,481,-34,99,21,2023-02-17 05:30:47
210,989,700,13,457,-32,99,20,2023-02-17 05:32:43
208,970,686,30,517,-29,98,20,2023-02-17 05:35:38
202,947,670,29,554,-30,96,11,2023-02-17 05:37:07
206,972,688,25,514,-30,98,11,2023-02-17 05:39:43
201,943,667,19,522,-31,97,11,2023-02-17 05:41:12
203,951,673,32,553,-24,97,11,2023-02-17 05:41:47
208,989,700,39,570,-31,101,12,2023-02-17 05:43:39
202,947,670,41,606,-27,99,14,2023-02-17 05:44:45
205,930,658,28,534,-26,98,16,2023-02-17 05:45:20
203,964,682,33,590,-27,99,11,2023-02-17 05:47:10
202,938,664,31,593,-27,97,9,2023-02-17 05:50:12
203,928,657,22,529,-29,96,16,2023-02-17 05:52:44
205,936,662,22,517,-29,98,17,2023-02-17 05:53:15
198,897,635,28,551,-27,97,11,2023-02-17 05:53:43
201,913,646,26,519,-28,96,10,2023-02-17 05:54:48
200,900,637,9,492,-23,97,13,2023-02-17 05:57:45
203,900,637,13,501,-27,97,14,2023-02-17 06:01:44
209,882,624,25,613,-27,97,23,2023-02-17 06:04:48
202,903,639,18,505,-29,99,9,2023-02-17 06:07:16
202,893,632,13,603,-27,97,15,2023-02-17 06:08:11
203,899,636,14,564,-31,99,13,2023-02-17 06:08:47
207,931,659,21,507,-30,100,13,2023-02-17 06:09:42
204,944,668,13,596,-26,98,13,2023-02-17 06:11:17
200,909,643,22,551,-27,96,11,2023-02-17 06:12:12
196,903,639,23,605,-26,97,10,2023-02-17 06:16:47
200,914,647,31,569,-22,98,15,2023-02-17 06:21:47
194,886,627,19,507,-27,93,14,2023-02-17 06:22:10
194,900,637,20,521,-25,95,10,2023-02-17 06:25:14
196,913,646,31,556,-22,94,11,2023-02-17 06:27:38
198,875,619,22,505,-29,94,16,2023-02-17 06:29:11
196,868,614,23,552,-27,93,19,2023-02-17 06:31:13
192,873,618,17,552,-23,93,10,2023-02-17 06:33:19
194,892,631,18,648,-24,93,17,2023-02-17 06:35:09
198,876,620,21,543,-23,92,22,2023-02-17 06:35:48
197,887,628,17,537,-28,92,15,2023-02-17 06:37:15
201,902,638,32,541,-18,95,16,2023-02-17 06:42:39
196,885,626,21,523,-27,93,15,2023-02-17 06:45:07
205,886,627,22,566,-28,94,24,2023-02-17 06:50:40
194,903,639,26,561,-30,93,13,2023-02-17 06:57:08
194,897,635,20,594,-26,93,12,2023-02-17 06:59:10
199,938,664,46,565,-27,95,13,2023-02-17 07:00:17
198,941,666,31,509,-31,94,10,2023-02-17 07:01:46
201,960,679,41,514,-30,93,12,2023-02-17 07:05:07
199,936,662,18,559,-25,93,13,2023-02-17 07:07:43
196,897,635,17,565,-23,93,14,2023-02-17 07:10:17
193,873,618,22,573,-25,93,10,2023-02-17 07:10:47
196,909,643,31,610,-25,92,11,2023-02-17 07:14:48
198,903,639,39,537,-26,94,17,2023-02-17 07:15:14
200,926,655,51,499,-25,96,18,2023-02-17 07:16:11
196,890,630,32,549,-25,92,12,2023-02-17 07:16:45
194,902,638,22,536,-22,92,12,2023-02-17 07:17:11
198,945,669,34,474,-25,94,11,2023-02-17 07:19:11
193,885,626,11,468,-25,92,13,2023-02-17 07:25:15
199,880,623,16,489,-25,94,16,2023-02-17 07:27:47
198,896,634,23,571,-29,92,17,2023-02-17 07:30:40
194,883,625,18,565,-25,92,9,2023-02-17 07:31:45
229,924,654,36,571,-24,94,34,2023-02-17 07:39:42
200,936,662,34,522,-25,95,9,2023-02-17 07:40:37
198,930,658,38,509,-27,94,14,2023-02-17 07:41:40
196,933,660,40,467,-28,94,9,2023-02-17 07:43:21
197,923,653,29,503,-29,95,12,2023-02-17 07:44:50
193,902,638,30,515,-20,94,9,2023-02-17 07:47:12
195,892,631,33,553,-24,93,14,2023-02-17 07:47:37
192,861,609,29,624,-22,92,13,2023-02-17 07:49:43
190,839,594,29,576,-24,91,16,2023-02-17 07:52:09
192,873,618,17,512,-27,92,11,2023-02-17 07:52:42
193,852,603,32,580,-23,94,15,2023-02-17 07:53:38
194,859,608,18,588,-25,92,14,2023-02-17 07:58:10
191,855,605,16,516,-27,92,12,2023-02-17 07:59:42
192,854,604,12,538,-25,92,13,2023-02-17 08:00:46
192,841,595,8,565,-21,91,15,2023-02-17 08:02:42
194,869,615,23,517,-28,93,13,2023-02-17 08:03:18
195,876,620,20,612,-21,92,12,2023-02-17 08:04:45
197,887,628,19,485,-27,95,11,2023-02-17 08:05:09
196,862,610,21,522,-27,93,16,2023-02-17 08:09:11
194,882,624,35,521,-29,92,12,2023-02-17 08:11:47
191,851,602,27,544,-25,93,12,2023-02-17 08:12:20
197,899,636,14,567,-27,96,8,2023-02-17 08:24:13
201,910,644,12,486,-30,97,13,2023-02-17 08:26:39
199,920,651,27,453,-31,96,13,2023-02-17 08:29:37
202,921,652,33,539,-25,97,14,2023-02-17 08:34:08
195,917,649,42,563,-26,96,13,2023-02-17 08:36:39
199,910,644,15,606,-20,96,15,2023-02-17 08:38:12
200,944,668,22,503,-25,95,14,2023-02-17 08:38:45
203,890,630,17,555,-26,94,22,2023-02-17 08:40:45
197,933,660,30,540,-24,95,13,2023-02-17 08:46:12
198,920,651,22,596,-25,95,14,2023-02-17 08:49:47
194,892,631,32,550,-25,96,12,2023-02-17 08:51:41
199,904,640,12,497,-26,94,12,2023-02-17 08:55:44
192,869,615,17,556,-24,93,11,2023-02-17 08:56:07
197,916,648,30,488,-25,93,11,2023-02-17 08:59:44
201,944,668,31,531,-29,94,9,2023-02-17 09:04:12
198,937,663,17,467,-28,94,13,2023-02-17 09:09:16
199,941,666,39,557,-28,94,9,2023-02-17 09:11:13
202,945,669,24,536,-22,94,11,2023-02-17 09:14:43
202,961,680,27,522,-21,96,14,2023-02-17 09:15:07
198,931,659,40,482,-18,94,11,2023-02-17 09:18:42
195,883,625,42,546,-27,92,17,2023-02-17 09:20:44
189,883,625,36,523,-22,92,11,2023-02-17 09:22:11
198,940,665,25,519,-25,93,14,2023-02-17 09:23:14
192,887,628,28,524,-33,93,13,2023-02-17 09:28:14
194,896,634,34,507,-33,92,11,2023-02-17 09:30:16
199,920,651,32,515,-28,96,16,2023-02-17 09:31:13
196,890,630,23,537,-29,92,20,2023-02-17 09:34:19
192,896,634,30,511,-33,92,10,2023-02-17 09:35:44
197,940,665,42,504,-26,94,10,2023-02-17 09:39:13
197,900,637,34,496,-29,92,17,2023-02-17 09:40:44
200,940,665,21,484,-34,95,14,2023-02-17 09:41:15
196,921,652,28,479,-28,92,11,2023-02-17 09:43:43
195,914,647,23,510,-28,94,8,2023-02-17 09:44:40
196,923,653,24,508,-30,93,14,2023-02-17 09:46:08
195,912,645,16,495,-31,93,12,2023-02-17 09:50:13
200,927,656,25,506,-28,93,20,2023-02-17 09:54:39
198,924,654,25,547,-23,95,13,2023-02-17 09:55:11
198,912,645,22,440,-32,91,18,2023-02-17 09:57:39
213,1030,729,-7,422,-32,98,13,2023-02-17 10:01:15
195,919,650,49,530,-27,95,13,2023-02-17 10:03:16
201,947,670,37,506,-30,94,14,2023-02-17 10:04:07
200,968,685,25,563,-23,96,14,2023-02-17 10:06:15
200,962,681,19,481,-31,94,11,2023-02-17 10:09:43
205,999,707,0,402,-33,97,13,2023-02-17 10:21:19
206,984,696,19,474,-25,96,15,2023-02-17 10:22:12
234,1035,732,-5,493,-21,106,7,2023-02-17 10:24:14
215,1009,714,6,461,-34,103,15,2023-02-17 10:26:50
234,1063,752,1,445,-36,107,11,2023-02-17 10:28:17
241,1071,758,-5,369,-38,106,21,2023-02-17 10:28:40
230,1035,732,-5,407,-34,103,10,2023-02-17 10:32:14
224,1060,750,-9,425,-29,103,23,2023-02-17 10:34:12
208,1030,729,18,447,-28,99,15,2023-02-17 10:36:13
208,1030,729,21,489,-25,102,13,2023-02-17 10:36:44
225,1064,753,3,408,-41,104,17,2023-02-17 10:37:08
224,1108,784,-10,492,-16,106,11,2023-02-17 10:40:45
233,1005,711,-22,430,-23,100,9,2023-02-17 10:42:46
241,1060,750,4,457,-39,108,13,2023-02-17 10:43:21
228,1006,712,-12,433,-20,101,13,2023-02-17 10:46:13
214,1066,754,14,376,-38,102,12,2023-02-17 10:48:08
241,1026,726,-18,405,-29,104,19,2023-02-17 10:49:17
228,1001,708,-9,416,-28,100,10,2023-02-17 10:51:17
227,1027,727,3,502,-40,102,12,2023-02-17 10:55:06
206,1026,726,11,475,-26,97,18,2023-02-17 10:56:42
211,1073,759,8,477,-25,100,14,2023-02-17 10:57:49
223,1115,789,-5,393,-27,104,14,2023-02-17 10:58:42
245,1262,893,0,440,-27,110,19,2023-02-17 11:01:12
219,960,679,-20,533,-17,100,19,2023-02-17 11:07:47
217,933,660,-17,538,-16,99,17,2023-02-17 11:08:13
202,1029,728,2,425,-31,96,10,2023-02-17 11:08:46
226,1019,721,-5,444,-34,101,10,2023-02-17 11:10:50
211,1054,746,-8,383,-28,101,8,2023-02-17 11:11:44
214,1132,801,-14,386,-30,103,13,2023-02-17 11:14:38
220,1111,786,-6,391,-33,106,15,2023-02-17 11:17:15
218,1124,795,-14,418,-26,102,11,2023-02-17 11:18:15
235,1057,748,-5,491,-23,102,15,2023-02-17 11:26:10
230,1049,742,-23,417,-21,102,9,2023-02-17 11:31:20
214,1124,795,-10,379,-20,103,9,2023-02-17 11:34:20
253,1266,896,13,349,-49,112,10,2023-02-17 11:35:19
219,985,697,-19,523,-14,102,11,2023-02-17 11:36:13
203,1053,745,-11,417,-22,102,9,2023-02-17 11:37:14
211,1125,796,-10,354,-27,100,12,2023-02-17 11:39:14
214,1163,823,-5,355,-37,105,8,2023-02-17 11:39:40
226,1162,822,-10,351,-33,107,18,2023-02-17 11:40:45
216,1153,816,-7,416,-25,106,8,2023-02-17 11:42:08
220,1170,828,-2,409,-29,106,13,2023-02-17 11:44:14
212,948,671,-20,519,-17,101,14,2023-02-17 11:48:14
234,1074,760,0,455,-35,106,18,2023-02-17 11:51:44
238,1179,834,0,364,-38,105,10,2023-02-17 11:52:44
212,1107,783,-10,396,-23,102,15,2023-02-17 11:53:43
234,1083,766,-5,400,-36,103,18,2023-02-17 11:54:36
209,970,686,-27,493,-10,103,14,2023-02-17 11:56:44
229,1070,757,6,420,-37,104,9,2023-02-17 11:57:49
229,1027,727,-10,532,-21,101,10,2023-02-17 11:58:13
230,1015,718,1,439,-36,102,13,2023-02-17 11:59:19
207,996,705,-17,544,-7,102,7,2023-02-17 12:04:19
231,1094,774,-6,355,-36,103,10,2023-02-17 12:06:12
215,1050,743,-13,408,-26,103,22,2023-02-17 12:06:37
245,1064,753,-17,430,-25,105,25,2023-02-17 12:08:08
212,1029,728,15,562,-6,98,14,2023-02-17 12:11:18
211,1109,785,5,462,-21,104,9,2023-02-17 12:12:43
214,1107,783,-9,415,-26,104,15,2023-02-17 12:17:13
216,1093,773,9,433,-21,102,11,2023-02-17 12:23:07
217,1054,746,-4,453,-19,102,12,2023-02-17 12:26:14
208,1087,769,-3,422,-30,103,11,2023-02-17 12:29:44
214,1063,752,8,472,-27,102,15,2023-02-17 12:32:45
217,1085,768,8,508,-23,104,16,2023-02-17 12:33:20
207,1025,725,6,435,-25,99,11,2023-02-17 12:35:17
242,1105,782,2,405,-37,106,16,2023-02-17 12:37:44
257,1259,891,8,385,-49,114,10,2023-02-17 12:39:39
220,1166,825,-15,361,-31,107,12,2023-02-17 12:42:11
226,1153,816,-15,376,-35,106,18,2023-02-17 12:42:50
233,1061,751,2,422,-41,104,11,2023-02-17 12:45:21
229,996,705,0,562,-18,101,16,2023-02-17 12:48:43
231,1143,809,-3,457,-37,107,10,2023-02-17 12:51:17
238,1143,809,5,396,-41,109,12,2023-02-17 12:52:16
222,1046,740,18,531,0,101,15,2023-02-17 12:54:12
219,1046,740,13,517,-10,100,10,2023-02-17 12:54:42
217,1097,776,10,430,-23,104,12,2023-02-17 13:02:16
235,1163,823,-3,368,-41,110,14,2023-02-17 13:08:12
210,1039,735,9,520,-12,102,12,2023-02-17 13:11:09
240,1135,803,2,383,-41,106,12,2023-02-17 13:11:44
211,1078,763,-2,578,-19,102,12,2023-02-17 13:12:43
238,1084,767,0,396,-39,106,14,2023-02-17 13:13:42
230,1035,732,-6,555,-20,103,14,2023-02-17 13:16:43
227,1186,839,-14,359,-33,107,16,2023-02-17 13:17:36
209,1087,769,-11,471,-16,102,9,2023-02-17 13:19:42
233,1104,781,-5,581,-25,106,9,2023-02-17 13:21:49
235,1118,791,7,373,-41,105,13,2023-02-17 13:24:16
208,1066,754,1,511,-16,100,15,2023-02-17 13:27:44
239,1196,846,-8,404,-33,111,25,2023-02-17 13:28:43
223,1156,818,-8,379,-31,110,18,2023-02-17 13:29:48
226,1166,825,-20,367,-23,110,19,2023-02-17 13:30:14
235,1098,777,0,413,-37,104,10,2023-02-17 13:38:08
209,1067,755,-5,427,-16,104,11,2023-02-17 13:38:39
232,1063,752,1,415,-31,104,11,2023-02-17 13:39:13
225,1135,803,-7,376,-26,104,16,2023-02-17 13:40:14
224,1207,854,-16,351,-30,109,11,2023-02-17 13:43:10
235,1068,756,-2,438,-33,103,10,2023-02-17 13:44:45
214,1146,811,-19,342,-29,108,9,2023-02-17 13:47:07
240,1129,799,6,386,-31,106,17,2023-02-17 13:48:44
219,1136,804,8,459,-23,105,10,2023-02-17 14:00:08
222,1175,831,12,443,-17,105,10,2023-02-17 14:06:12
